{
  "ie": {
    "6": 0,
    "7": 0,
    "8": 0,
    "9": 0,
    "10": 0,
    "11": 0.012288125714895931,
    "5.5": 0
  },
  "edge": {
    "12": 0,
    "13": 0.00030081091101336424,
    "14": 0.0007971489141854154,
    "15": 0.0032788389300456703,
    "16": 0.0004812974576213829,
    "17": 0.00437679875524445,
    "18": 0.004256474390839105,
    "79": 0,
    "80": 0.002241041287049564,
    "81": 0.00018048654660801855,
    "83": 0.00042113527541870997,
    "84": 0.0004812974576213829,
    "85": 0.0007369867319827425,
    "86": 0.00018048654660801855,
    "87": 0.00030081091101336424,
    "88": 0.0033390011122483437,
    "89": 0.00042113527541870997,
    "90": 0.0014589329184148167,
    "91": 0.0036999742054643807,
    "92": 0.0019402303760361996,
    "93": 0.0008422705508374199,
    "94": 0.009054408421502264,
    "95": 0.01027269261110639,
    "96": 0.06867513098435106,
    "97": 1.2020855220460556,
    "98": 0.5765041109571126
  },
  "firefox": {
    "2": 0,
    "3": 0,
    "4": 0,
    "5": 0,
    "6": 0,
    "7": 0,
    "8": 0,
    "9": 0,
    "10": 0,
    "11": 0.00006016218220267286,
    "12": 0,
    "13": 0,
    "14": 0,
    "15": 0,
    "16": 0,
    "17": 0.0011581220074014524,
    "18": 0,
    "19": 0,
    "20": 0,
    "21": 0,
    "22": 0,
    "23": 0,
    "24": 0,
    "25": 0,
    "26": 0,
    "27": 0,
    "28": 0,
    "29": 0,
    "30": 0,
    "31": 0,
    "32": 0,
    "33": 0,
    "34": 0,
    "35": 0,
    "36": 0,
    "37": 0,
    "38": 0.0003609730932160371,
    "39": 0,
    "40": 0,
    "41": 0,
    "42": 0,
    "43": 0.0006016218220267285,
    "44": 0.0009024327330400928,
    "45": 0,
    "46": 0,
    "47": 0.00030081091101336424,
    "48": 0.006753204952250028,
    "49": 0,
    "50": 0.00024064872881069145,
    "51": 0,
    "52": 0.015130788823972221,
    "53": 0,
    "54": 0.00042113527541870997,
    "55": 0.00006016218220267286,
    "56": 0.0003609730932160371,
    "57": 0.00024064872881069145,
    "58": 0,
    "59": 0.002436568379208251,
    "60": 0.0004812974576213829,
    "61": 0,
    "62": 0,
    "63": 0,
    "64": 0,
    "65": 0.00018048654660801855,
    "66": 0.00042113527541870997,
    "67": 0.0006016218220267285,
    "68": 0.0006016218220267285,
    "69": 0,
    "70": 0,
    "71": 0,
    "72": 0.00126340582625613,
    "73": 0.0004812974576213829,
    "74": 0.00006016218220267286,
    "75": 0.00042113527541870997,
    "76": 0.0024215278336575823,
    "77": 0.0011581220074014524,
    "78": 0.04767852939561824,
    "79": 0.0005414596398240557,
    "80": 0.0021959196503975593,
    "81": 0.0006617840042294014,
    "82": 0.0021357574681948864,
    "83": 0.00006016218220267286,
    "84": 0.00012032436440534572,
    "85": 0.00018048654660801855,
    "86": 0.0020605547404415453,
    "87": 0.001338608554009471,
    "88": 0.005534920762645903,
    "89": 0.0032036362022923293,
    "90": 0.0004812974576213829,
    "91": 0.07342794337836223,
    "92": 0.0032186767478429978,
    "93": 0.002301203469252237,
    "94": 0.008573110963880883,
    "95": 0.05303296361165612,
    "96": 0.6289204122011913,
    "97": 0.1636260950457195,
    "98": 0.0014589329184148167,
    "99": 0,
    "3.5": 0,
    "3.6": 0
  },
  "chrome": {
    "4": 0,
    "5": 0,
    "6": 0,
    "7": 0,
    "8": 0,
    "9": 0,
    "10": 0,
    "11": 0.00012032436440534572,
    "12": 0,
    "13": 0,
    "14": 0,
    "15": 0,
    "16": 0,
    "17": 0,
    "18": 0,
    "19": 0,
    "20": 0,
    "21": 0,
    "22": 0,
    "23": 0,
    "24": 0,
    "25": 0,
    "26": 0,
    "27": 0.00006016218220267286,
    "28": 0,
    "29": 0,
    "30": 0,
    "31": 0,
    "32": 0,
    "33": 0,
    "34": 0,
    "35": 0,
    "36": 0,
    "37": 0,
    "38": 0,
    "39": 0.00006016218220267286,
    "40": 0,
    "41": 0,
    "42": 0,
    "43": 0.00006016218220267286,
    "44": 0.00006016218220267286,
    "45": 0,
    "46": 0,
    "47": 0.00006016218220267286,
    "48": 0.0016845411016748399,
    "49": 0.0057906100370072626,
    "50": 0,
    "51": 0,
    "52": 0,
    "53": 0,
    "54": 0,
    "55": 0,
    "56": 0,
    "57": 0,
    "58": 0,
    "59": 0.00126340582625613,
    "60": 0.0003609730932160371,
    "61": 0.02323764287578239,
    "62": 0.0008422705508374199,
    "63": 0.0010377976429961067,
    "64": 0.014664531911901509,
    "65": 0.002797541472424288,
    "66": 0.010092206064498371,
    "67": 0.004993461122821847,
    "68": 0.001759743829428181,
    "69": 0.0007219461864320742,
    "70": 0.015612086281593607,
    "71": 0.0025418521980629283,
    "72": 0.01591289719260697,
    "73": 0.0015040545550668214,
    "74": 0.0009024327330400928,
    "75": 0.004557285301852469,
    "76": 0.029073374549441658,
    "77": 0.048054543034384944,
    "78": 0.0018650276482828584,
    "79": 0.16506998741858364,
    "80": 0.025824616710497326,
    "81": 0.008121894597360835,
    "83": 0.00395566347982574,
    "84": 0.013040152992429343,
    "85": 0.006542637314540673,
    "86": 0.12906292137028394,
    "87": 0.032036362022923294,
    "88": 0.07503728175228372,
    "89": 0.010468219703265077,
    "90": 0.033796105852351474,
    "91": 0.16983784035814548,
    "92": 0.1613549726675686,
    "93": 0.06753204952250028,
    "94": 0.17946378951057312,
    "95": 0.09225870640779882,
    "96": 0.9528185606348314,
    "97": 9.086324459160783,
    "98": 3.1080685758633835,
    "99": 0.004361758209693783,
    "100": 0.004978420577271179,
    "101": 0
  },
  "safari": {
    "4": 0.00042113527541870997,
    "5": 0,
    "6": 0.00006016218220267286,
    "7": 0,
    "8": 0.0006617840042294014,
    "9": 0.0003609730932160371,
    "10": 0.00006016218220267286,
    "11": 0.000977635460793434,
    "12": 0.004677609666257815,
    "13": 0.023673818696751767,
    "14": 0.3977021054507689,
    "15": 0.25687747745986245,
    "3.1": 0,
    "3.2": 0,
    "5.1": 0,
    "6.1": 0,
    "7.1": 0,
    "9.1": 0.00018048654660801855,
    "10.1": 0.00030081091101336424,
    "11.1": 0.027253468537810806,
    "12.1": 0.05936503328848744,
    "13.1": 0.20874773169772412,
    "14.1": 1.1040061245101482,
    "15.1": 0.5768199624136766,
    "15.2-15.3": 0,
    "15.4": 0.0029780280190323063,
    "TP": 0
  },
  "opera": {
    "9": 0,
    "11": 0,
    "12": 0,
    "15": 0,
    "16": 0,
    "17": 0,
    "18": 0,
    "19": 0,
    "20": 0,
    "21": 0,
    "22": 0,
    "23": 0,
    "24": 0,
    "25": 0,
    "26": 0,
    "27": 0,
    "28": 0,
    "29": 0,
    "30": 0,
    "31": 0,
    "32": 0,
    "33": 0,
    "34": 0,
    "35": 0,
    "36": 0,
    "37": 0,
    "38": 0,
    "39": 0,
    "40": 0,
    "41": 0,
    "42": 0,
    "43": 0,
    "44": 0,
    "45": 0,
    "46": 0,
    "47": 0,
    "48": 0,
    "49": 0,
    "50": 0,
    "51": 0,
    "52": 0,
    "53": 0,
    "54": 0,
    "55": 0,
    "56": 0,
    "57": 0,
    "58": 0,
    "60": 0,
    "62": 0,
    "63": 0,
    "64": 0,
    "65": 0,
    "66": 0,
    "67": 0,
    "68": 0,
    "69": 0,
    "70": 0,
    "71": 0,
    "72": 0,
    "73": 0,
    "74": 0,
    "75": 0,
    "76": 0,
    "77": 0,
    "78": 0,
    "79": 0.0006016218220267285,
    "80": 0.0004812974576213829,
    "81": 0,
    "82": 0.025959981620453338,
    "83": 0.008693435328286227,
    "9.5-9.6": 0,
    "10.0-10.1": 0,
    "10.5": 0,
    "10.6": 0,
    "11.1": 0,
    "11.5": 0,
    "11.6": 0,
    "12.1": 0
  },
  "ios_saf": {
    "8": 0,
    "3.2": 0,
    "4.0-4.1": 0,
    "4.2-4.3": 0,
    "5.0-5.1": 0.00006016218220267286,
    "6.0-6.1": 0.0003609730932160371,
    "7.0-7.1": 0,
    "8.1-8.4": 0,
    "9.0-9.2": 0.01606330264811365,
    "9.3": 0.024320562155430502,
    "10.0-10.2": 0.004436960937447124,
    "10.3": 0.022365291233843634,
    "11.0-11.2": 0.02553884634503463,
    "11.3-11.4": 0.03618755259490772,
    "12.0-12.1": 0.026561603442480066,
    "12.2-12.5": 0.4219173837873447,
    "13.0-13.1": 0.05179963887650133,
    "13.2": 0.026215670894814698,
    "13.3": 0.18438204790564164,
    "13.4-13.7": 0.4737320632093967,
    "14.0-14.4": 1.8922209546384665,
    "14.5-14.8": 13.154776990070985,
    "15.0-15.1": 13.012794240072676,